frame,shoulders,hips,left,right,diagonal_left,diagonal_right
20,0.24030358,0.13305397,0.46381968,0.4731866,0.4916157,0.511158
21,0.23863155,0.13306747,0.46244568,0.4714781,0.49025482,0.5092094
22,0.23760815,0.13349462,0.46172565,0.47021624,0.48877752,0.5087459
23,0.23694387,0.13460675,0.46086764,0.46867818,0.48827857,0.5073712
24,0.23695281,0.13528845,0.4590955,0.4673875,0.4871177,0.5060056
25,0.23782475,0.1358708,0.4598308,0.46781093,0.48693496,0.50774866
26,0.23850743,0.13609436,0.45868725,0.4666026,0.48694777,0.50587225
27,0.23902154,0.13646364,0.4583598,0.46370578,0.4868519,0.5033162
28,0.23984449,0.13614321,0.45892432,0.46192947,0.48948118,0.49970484
29,0.24012108,0.13505997,0.46225184,0.46558446,0.49499074,0.50028795
30,0.24018806,0.13549668,0.46726415,0.46820882,0.4996122,0.50302315
31,0.2402106,0.13506842,0.4693819,0.4696032,0.5018035,0.503914
32,0.24053282,0.13477033,0.46816933,0.4689851,0.500608,0.50334334
33,0.24036084,0.1341613,0.46740004,0.46802184,0.49972022,0.502276
34,0.23996456,0.13351972,0.4663344,0.46783936,0.498723,0.50169355
35,0.23924533,0.1334819,0.4641422,0.46602336,0.49556798,0.50088716
36,0.23925436,0.13356836,0.46168867,0.46363285,0.49162185,0.5003328
37,0.2390307,0.1339074,0.4602359,0.46215358,0.48949346,0.49981347
38,0.23833266,0.13451405,0.45931756,0.4611482,0.4882093,0.49939728
39,0.23830558,0.13494374,0.456525,0.45858485,0.48521394,0.4975896
40,0.23878486,0.13514656,0.45412752,0.4577983,0.48276296,0.4972851
41,0.23913138,0.13532832,0.45276746,0.4569146,0.48102045,0.4971023
42,0.23946221,0.1357792,0.45360747,0.45789048,0.48195413,0.49816793
43,0.23963463,0.13636076,0.45092413,0.4561743,0.47915685,0.49718186
44,0.24015489,0.13643794,0.44996974,0.45691174,0.47881848,0.49749804
45,0.24061364,0.13657092,0.45109174,0.45956674,0.4802946,0.49971598
46,0.2411479,0.13681975,0.45211112,0.46233,0.4815106,0.5022654
47,0.24136125,0.1367729,0.45437285,0.4641634,0.48440933,0.5032435
48,0.24148443,0.13677293,0.45609093,0.46564624,0.4862263,0.5044479
49,0.24171928,0.13678215,0.45740542,0.46626273,0.48778632,0.5047723
50,0.24170825,0.13680856,0.45729458,0.4666581,0.48813573,0.5047034
51,0.24177358,0.13691613,0.45726556,0.46714956,0.48812878,0.5052038
52,0.24183829,0.1369695,0.4573835,0.46713305,0.48795322,0.5055107
53,0.24186234,0.13687344,0.4569378,0.467437,0.48791444,0.50537825
54,0.24199118,0.13699518,0.454615,0.4647872,0.48591554,0.5028542
55,0.2420134,0.13672817,0.45769984,0.4711156,0.49280846,0.50463015
56,0.24202181,0.13687481,0.45837706,0.4700109,0.4921639,0.5049561
57,0.24202801,0.13652483,0.46006644,0.4667861,0.4912561,0.5042765
58,0.24175936,0.13623916,0.46035373,0.4656982,0.49062356,0.50394547
59,0.24124601,0.13672034,0.45887288,0.4652969,0.48919442,0.50370216
60,0.24069245,0.13626364,0.45936453,0.4651951,0.4891722,0.50371176
61,0.23996064,0.1363007,0.4593602,0.46536282,0.48904154,0.5038089
62,0.23936391,0.13571079,0.45859927,0.46617937,0.48928604,0.503181
63,0.23818395,0.13451514,0.45706266,0.4655031,0.48715532,0.5023355
64,0.23649973,0.13385804,0.4543331,0.46404836,0.4838227,0.50096536
65,0.23884511,0.1368034,0.45017865,0.4634032,0.48218933,0.5001768
66,0.23804975,0.13683224,0.44987568,0.4626595,0.4834525,0.49777508
67,0.23290828,0.1353345,0.45784134,0.4552494,0.49228358,0.48740852
68,0.22752325,0.1329215,0.46619844,0.4539352,0.4968986,0.48670256
69,0.22211272,0.13086174,0.47055185,0.453993,0.4991541,0.48613143
70,0.2190624,0.12956719,0.46610954,0.45417064,0.49739096,0.48252544
71,0.21914768,0.12901185,0.46926045,0.453653,0.4990482,0.4830802
72,0.22197372,0.13120124,0.47195137,0.4542157,0.50247896,0.4843907
73,0.2308051,0.13184464,0.45653948,0.45526958,0.4883156,0.48796093
74,0.23087332,0.13310246,0.45893866,0.45916334,0.48779202,0.49494502
75,0.23253451,0.1336746,0.46016046,0.4612053,0.4879575,0.49851674
76,0.2338086,0.1322685,0.46054906,0.46338168,0.48793852,0.5005938
77,0.23461837,0.13317803,0.45979366,0.46307856,0.48723203,0.5009474
78,0.23504144,0.13402231,0.45681772,0.46153522,0.4839995,0.5004431
79,0.2355565,0.1354663,0.45466962,0.45885837,0.48111433,0.49962276
80,0.23671147,0.13736758,0.45361358,0.46211678,0.48082906,0.5031387
81,0.23743117,0.13792904,0.45332527,0.46386206,0.48081002,0.5049517
82,0.23800825,0.13812369,0.45073304,0.4647719,0.47857565,0.505811
83,0.23902075,0.13811508,0.4506618,0.4654172,0.47858658,0.5065962
84,0.23957871,0.1385684,0.45077136,0.46603,0.47892147,0.5073005
85,0.24026255,0.13938197,0.44919947,0.4664379,0.47737226,0.50829077
86,0.24057858,0.13957296,0.4490105,0.46702364,0.4766134,0.50954556
87,0.24070078,0.13945208,0.4492816,0.46863976,0.47706586,0.51079816
88,0.2408263,0.13936023,0.4493059,0.4686132,0.4772108,0.5106504
89,0.2415067,0.13950709,0.4491652,0.46869346,0.47742176,0.5106529
90,0.24173006,0.139488,0.44986075,0.469078,0.47799462,0.51114047
91,0.2417966,0.13897593,0.45269963,0.47147742,0.48126957,0.51255447
92,0.24168283,0.1374999,0.45394748,0.4715012,0.48238605,0.51192003
93,0.241663,0.13731346,0.4547593,0.47162434,0.48326218,0.5118422
94,0.24170639,0.13647623,0.45585907,0.4719289,0.48435718,0.5116912
95,0.24162422,0.13646418,0.45705977,0.47259957,0.4855407,0.51223737
96,0.24200954,0.13657506,0.458442,0.4738783,0.48701394,0.5134094
97,0.24214357,0.13655484,0.45911708,0.47454536,0.48820335,0.51352024
98,0.24243502,0.1371001,0.4608448,0.47539356,0.4896425,0.51482826
99,0.24260738,0.13706127,0.46232778,0.47681302,0.49124306,0.5159712
100,0.24314763,0.1381129,0.4642791,0.4776455,0.493231,0.5172464
101,0.24307406,0.13752905,0.4675054,0.47963908,0.4961385,0.518931
102,0.24307081,0.13792844,0.4704978,0.48077056,0.49875215,0.52037585
103,0.24329014,0.13807414,0.47252122,0.4811488,0.5009931,0.5205397
104,0.24385196,0.13847889,0.47365907,0.4820085,0.5024036,0.5213483
105,0.24432702,0.13878895,0.47685614,0.4841978,0.50591713,0.52316475
106,0.24436253,0.13913764,0.47670668,0.4851744,0.50536966,0.5246297
107,0.2450673,0.13928223,0.47764948,0.4880612,0.50623953,0.5275629
108,0.24583115,0.13955334,0.47715425,0.48849633,0.50582325,0.52823883
109,0.2463659,0.13975649,0.47498792,0.4882843,0.50426286,0.5277996
110,0.24660772,0.14020298,0.47344697,0.4873756,0.50315434,0.52689683
111,0.24707825,0.14081375,0.47119337,0.4871075,0.5009389,0.5271309
112,0.2475051,0.14078698,0.46811858,0.48715752,0.4972055,0.52804
113,0.24750021,0.1398727,0.46616036,0.4857652,0.49527216,0.52640116
114,0.24719404,0.13914262,0.46304512,0.48172894,0.492327,0.5222781
115,0.2469399,0.13798748,0.4624037,0.47913894,0.49198496,0.51904833
116,0.24668705,0.13701895,0.46162683,0.4781156,0.491337,0.51749784
117,0.24666966,0.13694455,0.46065217,0.47625503,0.49019736,0.5159655
118,0.24662657,0.13730745,0.457323,0.47587773,0.48731184,0.5155087
119,0.2466795,0.13728589,0.45387247,0.47369096,0.48392752,0.5136158
120,0.24565728,0.13686259,0.45183128,0.4721047,0.48174793,0.5119185
121,0.24516921,0.13635802,0.45061934,0.46933594,0.480103,0.509502
122,0.2450466,0.1364978,0.45004776,0.46831825,0.47969165,0.50848633
123,0.24434371,0.13704352,0.45013112,0.4674304,0.4798289,0.5076988
124,0.24390012,0.13737878,0.45012847,0.46635213,0.47991502,0.50667655
125,0.24336728,0.13737541,0.45008937,0.46541333,0.4795972,0.5059456
126,0.24303669,0.13730153,0.45033467,0.46471527,0.479741,0.50527084
127,0.2426233,0.13715763,0.4521054,0.46390605,0.4803966,0.5053332
128,0.24242264,0.13768004,0.45410258,0.46442544,0.4823482,0.50594634
129,0.24257357,0.13782544,0.4557603,0.46480694,0.48345903,0.50684416
130,0.24279828,0.13767627,0.45675704,0.466305,0.4841652,0.50842947
131,0.242802,0.13689527,0.45959026,0.46831796,0.48645598,0.51027405
132,0.24278703,0.13740052,0.46149772,0.46894422,0.48843426,0.5109191
133,0.24319762,0.13762832,0.46349967,0.46905085,0.49031168,0.5112498
134,0.24449688,0.13813217,0.4640593,0.46973547,0.49133727,0.5119918
135,0.24461015,0.1373895,0.4657673,0.47077286,0.49252427,0.5130286
136,0.24446751,0.13792114,0.46702585,0.4730196,0.49368635,0.5153336
137,0.2447696,0.13853201,0.4687748,0.47725898,0.49515375,0.5197731
138,0.24458483,0.1366732,0.4691781,0.4793019,0.49467126,0.5215466
139,0.2449232,0.1370774,0.4691624,0.4799116,0.49453944,0.52249426
140,0.24494097,0.13717586,0.47020572,0.4802445,0.49472356,0.5236171
141,0.24489507,0.13713023,0.47007316,0.47955003,0.49467528,0.5228742
142,0.24469554,0.13680021,0.46811423,0.47743338,0.49234897,0.52116644
143,0.24321723,0.1335161,0.46669647,0.4752295,0.49043036,0.51775825
144,0.2420013,0.13336979,0.46653217,0.4737159,0.4902649,0.5159942
145,0.24209453,0.13402902,0.4660836,0.47266403,0.4907902,0.51445603
146,0.2418415,0.13475744,0.46413946,0.46986747,0.48901722,0.51209474
147,0.24189304,0.1348688,0.46176943,0.46721146,0.48693672,0.509564
148,0.24103658,0.13461153,0.46039382,0.46636403,0.48593727,0.5081484
149,0.24039817,0.13363695,0.45970267,0.4660344,0.48555666,0.50695306
150,0.24016872,0.13324001,0.45902267,0.46583676,0.48537523,0.50607955
151,0.23990351,0.13337776,0.45674193,0.4639182,0.48408732,0.5034746
152,0.2397976,0.13348453,0.45545912,0.46254626,0.48281243,0.5022961
153,0.23978643,0.13369472,0.4542339,0.46191508,0.48216608,0.5013207
154,0.2397613,0.13394728,0.4526679,0.46082348,0.48100662,0.5001238
155,0.23986346,0.13419071,0.4523495,0.46070653,0.48091498,0.4999589
156,0.23983032,0.13423489,0.45204592,0.4606041,0.48077813,0.49973246
157,0.2403087,0.13458979,0.45214307,0.4606054,0.48113057,0.4997815
158,0.24036177,0.1343047,0.45235837,0.46068898,0.48147094,0.49960265
159,0.2400628,0.13490209,0.45249492,0.46091926,0.4817558,0.49986976
160,0.24042074,0.13511743,0.45278504,0.46126625,0.48221004,0.50021404
161,0.24058487,0.13568528,0.4524576,0.46202305,0.48232412,0.50081575
162,0.240217,0.13550784,0.4526441,0.46345973,0.48246574,0.5019799
163,0.24026313,0.13534062,0.4521969,0.4639569,0.48263937,0.501789
164,0.24017705,0.13513276,0.45238072,0.46485254,0.48322332,0.50208765
165,0.24015556,0.1351668,0.4544819,0.4652986,0.48535997,0.5023629
166,0.24042867,0.13512565,0.45654026,0.46689364,0.48732087,0.50386643
167,0.24056284,0.1350815,0.45927012,0.46908095,0.49002528,0.5057708
168,0.24101603,0.1351809,0.46129745,0.4698265,0.4919851,0.5065824
169,0.24127316,0.13590658,0.46172634,0.47013596,0.4929807,0.50670505
170,0.2421801,0.13634805,0.46416208,0.470992,0.49490324,0.50831443
171,0.24287516,0.13720846,0.46538112,0.47251996,0.49625126,0.510126
172,0.2435029,0.13750274,0.46557122,0.47310174,0.49685302,0.510559
173,0.24372338,0.13738413,0.46601623,0.474227,0.497933,0.5109522
174,0.24402344,0.13736582,0.46736827,0.4760454,0.49963126,0.51228476
175,0.24410759,0.13710281,0.46875337,0.47933987,0.50271744,0.5134664
176,0.24427743,0.1356909,0.46855524,0.48084068,0.50339156,0.5133684
177,0.24469098,0.1359952,0.466773,0.47964457,0.5017787,0.51245075
178,0.24502999,0.13655552,0.4628921,0.47887623,0.49798977,0.5122192
179,0.24474758,0.13591595,0.4622224,0.47793198,0.49676144,0.5115553
180,0.2448027,0.13618046,0.45801625,0.47674847,0.49218437,0.5111877
181,0.24388319,0.13558422,0.4589607,0.47632557,0.49143898,0.5118747
182,0.242703,0.13605943,0.46005195,0.4761601,0.4907868,0.5132766
183,0.2399902,0.1352812,0.46102127,0.4754915,0.49024647,0.51298994
184,0.2392545,0.13487913,0.46103802,0.47480512,0.4902407,0.5119988
185,0.23889683,0.134181,0.4600255,0.4738578,0.4886999,0.5112662
186,0.2379914,0.13368142,0.4591863,0.47372738,0.48781663,0.51075447
187,0.23779893,0.13338824,0.45895588,0.4735988,0.48749486,0.5105475
188,0.23712221,0.13351949,0.45844752,0.47340697,0.48683435,0.51042396
189,0.23731832,0.13404027,0.45822033,0.4744742,0.4868094,0.51150894
190,0.23763056,0.13445833,0.45741788,0.47449887,0.48566794,0.5121682
191,0.23784447,0.13436103,0.45538023,0.47474962,0.48423567,0.51190984
192,0.23794824,0.1342186,0.45459005,0.47500232,0.48360497,0.5119789
193,0.23780325,0.13421659,0.45362592,0.47514868,0.48285958,0.5118995
194,0.23841567,0.13463092,0.45443875,0.47558206,0.4837014,0.5125903
195,0.23876972,0.13511086,0.45523217,0.47683948,0.48464534,0.5138752
196,0.23943004,0.13524751,0.45630056,0.477219,0.4853323,0.51478404
197,0.23953947,0.13568142,0.45573637,0.47709048,0.48508114,0.51462084
198,0.23963147,0.1331089,0.45662996,0.47643524,0.48438162,0.51433885
199,0.2403008,0.13295275,0.45935065,0.476872,0.48698646,0.51484215
200,0.24273793,0.13288875,0.4600932,0.4769266,0.4886973,0.5145375
201,0.24470182,0.13418114,0.46048135,0.477371,0.49012515,0.5150536
202,0.2459007,0.13590454,0.46140864,0.4801291,0.49362826,0.5161763
203,0.24697381,0.13603348,0.46300414,0.4803562,0.495017,0.5168584
204,0.24692401,0.1357311,0.46371517,0.4804051,0.49510118,0.5173202
205,0.24719064,0.13710748,0.46437058,0.48007774,0.4964172,0.5170794
206,0.2484032,0.13731632,0.46608254,0.47942066,0.4990646,0.5159051
207,0.25136524,0.13856062,0.46697578,0.4780904,0.5016706,0.51435894
208,0.2533669,0.13740556,0.4680988,0.47614062,0.502704,0.5125586
209,0.2528499,0.13883068,0.46987087,0.47024763,0.5041687,0.5078694
210,0.25139073,0.13811104,0.46986222,0.46389487,0.503578,0.50178224
211,0.2500181,0.13689403,0.47019264,0.46121457,0.5033815,0.4987946
212,0.24840233,0.13682067,0.46970382,0.46032256,0.50218654,0.4982237
213,0.24767412,0.13674243,0.469082,0.45994237,0.5010883,0.49815217
214,0.24779978,0.13666035,0.4692798,0.46024653,0.5003152,0.49937895
215,0.24472252,0.13604294,0.4674297,0.46025512,0.49766585,0.49917445
216,0.24349181,0.13676232,0.46443987,0.4599175,0.49504814,0.49872035
217,0.24075188,0.13687256,0.46109834,0.45929202,0.4909098,0.49845278
218,0.23917693,0.13681215,0.45778647,0.46012893,0.48711964,0.49944413
219,0.23957905,0.13468036,0.4543442,0.46050373,0.48318303,0.4995578
220,0.23984955,0.13638702,0.45226392,0.46112466,0.48200503,0.50026125
221,0.23976208,0.13480054,0.45097423,0.46202838,0.48037022,0.50070524
222,0.23993027,0.13548456,0.4498848,0.4623341,0.47944424,0.5012558
223,0.23990503,0.13449112,0.450186,0.4643573,0.47976056,0.5025901
224,0.23996423,0.13410385,0.45180553,0.46811584,0.48213243,0.5050471
225,0.2402235,0.1338514,0.4526132,0.46879172,0.48302367,0.50549465
226,0.2405685,0.13353945,0.45387894,0.46993548,0.48443145,0.5062861
227,0.24050297,0.13299109,0.4549199,0.4704027,0.48534065,0.50651354
228,0.24057834,0.13322516,0.45450953,0.46997023,0.48482716,0.5063688
229,0.24074504,0.1335276,0.4544604,0.4695501,0.48472467,0.5062273
230,0.2407785,0.1334976,0.45400932,0.46871886,0.4840553,0.5056946
231,0.24116358,0.1334976,0.45420727,0.46812332,0.484064,0.5054262
232,0.24187885,0.13375574,0.4542711,0.46817008,0.48447275,0.50544626
233,0.24121211,0.13375592,0.45450637,0.4668428,0.48451036,0.5042336
234,0.24001913,0.13414611,0.4529168,0.46495277,0.48239246,0.5029617
235,0.23889144,0.13388172,0.45237935,0.4620466,0.4803608,0.50134003
236,0.23801427,0.13437389,0.45191866,0.46066415,0.47993162,0.50006515
237,0.23764491,0.1344184,0.4507251,0.4586588,0.478476,0.4984628
238,0.23730487,0.1346707,0.44806314,0.45462385,0.47597829,0.49477577
239,0.23699172,0.1347911,0.4477341,0.45258114,0.47563872,0.4929016
240,0.23633076,0.1350469,0.44710505,0.45030716,0.47487637,0.49091843
241,0.23578642,0.13497032,0.44637406,0.44673643,0.4736499,0.4879665
242,0.23496616,0.13485208,0.44589052,0.44544235,0.47274905,0.48692295
243,0.23422623,0.13462792,0.44588116,0.44455037,0.47290677,0.48562673
244,0.23375098,0.13456517,0.4454915,0.44378433,0.47282824,0.48448104
245,0.23354973,0.13467382,0.44540575,0.44334617,0.4726951,0.48412403
246,0.23455133,0.13481918,0.44523358,0.44354492,0.47342965,0.48378643
247,0.23550172,0.13528438,0.44527227,0.4440017,0.4741509,0.48403138
248,0.23622844,0.13497043,0.4453425,0.44441375,0.47445256,0.4842315
249,0.23707671,0.13433072,0.44541675,0.444328,0.47448987,0.48410642
250,0.23748682,0.13407509,0.44591385,0.4448011,0.4748184,0.4846634
251,0.23811589,0.13380468,0.44581485,0.44541448,0.47487026,0.4851306
252,0.23852016,0.13379861,0.44691208,0.44624835,0.47581267,0.48608837
253,0.23926324,0.1338679,0.4471486,0.4470686,0.4763197,0.48680517
254,0.24001214,0.13378435,0.44883674,0.44899702,0.47762814,0.48901087
255,0.24100548,0.13408141,0.4498155,0.4504702,0.47896993,0.49037227
256,0.24177733,0.13373126,0.45274478,0.45272177,0.48124057,0.49294427
257,0.24202646,0.1334443,0.45299712,0.45396516,0.48196903,0.4935413
258,0.24216968,0.13291973,0.45263505,0.45468244,0.48244676,0.4931897
259,0.24328046,0.13427341,0.4528724,0.45712435,0.4832317,0.49585813
260,0.24375886,0.13396205,0.455515,0.45891643,0.48560274,0.4975911
261,0.2449184,0.13604416,0.45745158,0.4614295,0.48822653,0.5004532
262,0.24560949,0.13674232,0.45995897,0.4635599,0.49078485,0.5027432
263,0.24537206,0.13762295,0.46273103,0.4658983,0.49350962,0.50514054
264,0.24532709,0.13836722,0.46646768,0.46682766,0.49731854,0.5060427
265,0.24538802,0.13881467,0.46791562,0.46645445,0.49796578,0.50662
266,0.24703652,0.13968907,0.4689503,0.46646416,0.4991467,0.5072926
267,0.24726816,0.1407731,0.47027153,0.46758816,0.5004232,0.5088797
268,0.24748868,0.14094587,0.4710533,0.46886346,0.50135434,0.5100082
269,0.247384,0.14129561,0.47220987,0.47066408,0.5023426,0.51190484
270,0.2473682,0.14141363,0.47226653,0.47140175,0.50284463,0.51220185
271,0.24722697,0.14134753,0.47291818,0.4720236,0.5036788,0.5124862
272,0.24700059,0.14089511,0.47295776,0.47256562,0.5039791,0.5124506
273,0.24672897,0.14023253,0.47278717,0.4736985,0.50412387,0.51280886
274,0.24650337,0.14040728,0.47331056,0.47731936,0.5068001,0.5140313
275,0.24662703,0.14046876,0.47355497,0.4802813,0.5089755,0.51490575
276,0.24677305,0.14047103,0.47489175,0.48392585,0.5103842,0.51816356
277,0.24690539,0.14040229,0.47890627,0.48788977,0.514034,0.5219583
278,0.24691321,0.14055027,0.4799931,0.48787534,0.51457566,0.52249527
279,0.24672101,0.13957287,0.48057634,0.48841593,0.5149702,0.5226343
280,0.24678162,0.13963266,0.481163,0.48901412,0.5150767,0.52367485
281,0.24671854,0.13895269,0.47972834,0.4892913,0.5146927,0.5226321
282,0.24655838,0.1399943,0.47731686,0.48722616,0.51228327,0.52130854
283,0.2455593,0.1398973,0.47581446,0.48651496,0.5107575,0.5204437
284,0.2441729,0.13785653,0.47627804,0.487761,0.51099384,0.5204576
285,0.24417694,0.13852243,0.47740138,0.48943505,0.51299024,0.5213902
286,0.24296364,0.13976283,0.47744092,0.4886591,0.51371396,0.52024525
287,0.24124072,0.13840877,0.4763986,0.4904737,0.51109725,0.5224483
288,0.2381312,0.13570207,0.4776454,0.4928213,0.5107679,0.5240461
289,0.23937422,0.13656881,0.4781467,0.4929518,0.51303136,0.5231184
290,0.2406798,0.13692382,0.4781344,0.48900157,0.5136456,0.519346
291,0.24105029,0.1373071,0.4779574,0.48666757,0.51397145,0.51696295
292,0.24328962,0.13883215,0.47589475,0.48572293,0.51429754,0.51512414
293,0.24475959,0.13670686,0.47505996,0.4847156,0.51333255,0.5137524
294,0.24664456,0.13663019,0.47425383,0.4823118,0.5115965,0.5129758
295,0.24527356,0.13421132,0.47297314,0.48251975,0.509649,0.5123867
296,0.24394207,0.13605885,0.47134218,0.48218814,0.508719,0.51200384
297,0.24000661,0.13570155,0.46894422,0.48014894,0.5048333,0.51052356
298,0.23877758,0.13494787,0.46534884,0.47775504,0.49991307,0.5091453
299,0.23747554,0.13404903,0.46122122,0.47646326,0.4954415,0.5077396
300,0.23459499,0.13355333,0.45457423,0.47103772,0.488412,0.5024571
301,0.23220299,0.132506,0.45054522,0.46707097,0.48305234,0.49919006
302,0.23158546,0.13306454,0.44841897,0.46432704,0.48007625,0.49770468
303,0.23056495,0.13378885,0.4463569,0.46175557,0.47777432,0.49574503
304,0.22933726,0.13360374,0.44421646,0.45896205,0.47550696,0.49299452
305,0.22849159,0.13391645,0.44092467,0.45431533,0.4718567,0.48916918
306,0.22712699,0.13223253,0.43904832,0.45198432,0.46917224,0.4867534
307,0.22753675,0.13251363,0.4379081,0.45088583,0.46730006,0.4867596
308,0.22800334,0.13261905,0.4367009,0.45005012,0.46611366,0.48621225
309,0.22783211,0.13262872,0.4363164,0.44995484,0.46562374,0.4862033
310,0.2271686,0.13138072,0.43646762,0.4498265,0.46559596,0.48548466
311,0.22670701,0.13069034,0.43614155,0.450095,0.46567982,0.48489863
312,0.22682384,0.13078995,0.43562695,0.44941705,0.46551645,0.48404074
313,0.22700396,0.1311735,0.43507937,0.44842193,0.4649477,0.4834078
314,0.22752814,0.13159616,0.43522555,0.4477362,0.4647949,0.48340684
315,0.22785409,0.13176006,0.4352161,0.44701728,0.46485415,0.48285002
316,0.22797784,0.13190737,0.43670094,0.44780093,0.46600428,0.4839199
317,0.22801104,0.1319682,0.43759367,0.44975197,0.46875453,0.48388833
318,0.22836137,0.13187607,0.43841535,0.45068848,0.4705483,0.48380268
319,0.22940543,0.13253544,0.43993655,0.45076913,0.472288,0.48417944
320,0.23103292,0.13321933,0.44098026,0.4507566,0.4736853,0.48453614
321,0.2327782,0.1335173,0.44220757,0.4501561,0.47489583,0.48455444
322,0.23451601,0.13385147,0.44315085,0.44954392,0.4755721,0.48483962
323,0.23675719,0.13392277,0.44374737,0.45079866,0.4762273,0.486555
324,0.23750491,0.13367054,0.4451449,0.452801,0.4775067,0.48851213
325,0.23892902,0.1338629,0.44722006,0.45388535,0.47972757,0.48972654
326,0.23893182,0.13388085,0.45050228,0.45574105,0.48267272,0.49157795
327,0.23976661,0.13416818,0.4532065,0.45801374,0.48540607,0.49384835
328,0.23999575,0.13439344,0.4555238,0.4606955,0.4874414,0.49663326
329,0.24039106,0.13492554,0.45788535,0.4636284,0.48940775,0.49995288
330,0.24110821,0.13488795,0.46187395,0.46750104,0.49334174,0.50352436
331,0.24181351,0.13571091,0.46282482,0.46958888,0.49485305,0.5054309
332,0.24319029,0.13579577,0.46434566,0.47182488,0.49645293,0.50774056
333,0.24328448,0.13612963,0.46676067,0.47412705,0.4987376,0.5100413
334,0.24380718,0.13627544,0.46852985,0.47550222,0.5002178,0.5117042
335,0.24358822,0.13645363,0.47050574,0.47681105,0.5018012,0.5132134
336,0.24376217,0.13648504,0.47005996,0.47594735,0.5017456,0.5121182
337,0.24377134,0.13647589,0.47135702,0.47673178,0.5028957,0.5129116
338,0.24408518,0.13673428,0.4722642,0.47694975,0.5034625,0.5136017
339,0.2438362,0.13668579,0.47445646,0.47965494,0.5053501,0.5161907
340,0.24389227,0.13680702,0.4770185,0.48095232,0.50779593,0.5174324
341,0.24400187,0.13688146,0.47868508,0.48204213,0.50977135,0.51810724
342,0.24406148,0.13723248,0.47944698,0.48240125,0.510619,0.5184926
343,0.24442232,0.13759145,0.47967258,0.48301035,0.51097536,0.519181
344,0.2451912,0.13820532,0.4796284,0.4835766,0.5110719,0.52006435
345,0.24571678,0.13824591,0.4794054,0.48428687,0.5114977,0.5202562
346,0.24648754,0.13828368,0.47992018,0.48630127,0.51334226,0.521003
347,0.24726929,0.1381288,0.4801091,0.4882631,0.5148543,0.5216318
348,0.24727638,0.13809581,0.48002124,0.488698,0.5151842,0.5216102
349,0.24712276,0.13810377,0.47866443,0.48696947,0.5140831,0.5197952
350,0.24697453,0.13870794,0.48075792,0.4866157,0.51454973,0.52121
351,0.2468028,0.13718618,0.47975674,0.48563465,0.51365596,0.5194829
352,0.24657042,0.1372221,0.47928748,0.48412728,0.5132455,0.51800764
353,0.2463064,0.13721916,0.47856095,0.48227945,0.5123499,0.51643085
354,0.24623927,0.1375208,0.47630763,0.48093706,0.51000804,0.5155363
355,0.24607822,0.1374461,0.47812706,0.48171818,0.51155555,0.51634175
356,0.24591789,0.13818952,0.47830573,0.4813594,0.51201874,0.516026
357,0.24583802,0.13826123,0.47954932,0.48143825,0.51375896,0.51553833
358,0.24543242,0.13810292,0.47986308,0.48086086,0.5142251,0.5146429
359,0.24563588,0.13809635,0.4818283,0.48268953,0.51645476,0.51600766
360,0.2453967,0.13660556,0.48304245,0.48429266,0.5176458,0.5166766
361,0.24540494,0.13664852,0.48319852,0.48397687,0.51778585,0.5164098
362,0.24525456,0.1367999,0.4828428,0.48385414,0.5175037,0.51627654
363,0.24516344,0.13661756,0.4798278,0.48230675,0.5157315,0.5136653
364,0.24485122,0.13684438,0.4781179,0.4793369,0.5117572,0.51330066
365,0.24451579,0.13692608,0.47653458,0.4797413,0.51059204,0.5133104
366,0.24448201,0.13700312,0.47612247,0.4793404,0.5090966,0.5140689
367,0.24468566,0.13711604,0.47581235,0.47861648,0.50751644,0.51478
368,0.24490382,0.13681516,0.47520578,0.47885197,0.5051806,0.5166482
369,0.24497636,0.1371565,0.4755073,0.4801061,0.50541604,0.5180378
370,0.24538232,0.13729145,0.47620034,0.48182952,0.5061795,0.519696
371,0.24574138,0.13727863,0.47501677,0.4813483,0.50545084,0.51896167
372,0.2456451,0.13733253,0.47542128,0.4817675,0.5054892,0.519684
373,0.24564445,0.13734657,0.47550786,0.48231938,0.5051084,0.52065074
374,0.24521354,0.1360955,0.47495413,0.4818858,0.5040515,0.52006525
375,0.24517621,0.13669732,0.47506905,0.48240438,0.5042357,0.52074456
376,0.24521786,0.13693339,0.4750702,0.4829764,0.5037078,0.52190715
377,0.24496305,0.13604134,0.47476366,0.48301035,0.5038973,0.52098674
378,0.24508694,0.13688368,0.4747844,0.48365,0.5036088,0.5223037
379,0.24504407,0.13682872,0.47501346,0.48448667,0.50380194,0.5230605
380,0.24514097,0.13752332,0.47437358,0.48552024,0.503934,0.5236468
381,0.24522097,0.1376144,0.4745912,0.48645413,0.5048502,0.5238807
382,0.24478143,0.1384159,0.47476336,0.4844913,0.504596,0.5227405
383,0.24464433,0.13855569,0.4730885,0.4813845,0.5025598,0.5203472
384,0.24398838,0.13845381,0.47087434,0.47749522,0.5002197,0.5167819
385,0.24384403,0.13847522,0.4686954,0.47504425,0.49790162,0.5147495
386,0.24343304,0.13830468,0.46789944,0.4725972,0.49701506,0.51243526
387,0.24330571,0.13832322,0.46658787,0.47100115,0.4957637,0.5109543
388,0.24296638,0.13793118,0.46560386,0.46940914,0.49479228,0.5092519
389,0.24284008,0.13785769,0.46409854,0.46851796,0.4936499,0.5080955
390,0.24229811,0.13757944,0.46346003,0.4670838,0.49307865,0.5064645
391,0.2421505,0.13729669,0.46436426,0.46800506,0.4945011,0.5065812
392,0.24217355,0.13698985,0.46485913,0.46922305,0.49634796,0.5062127
393,0.24221653,0.13519785,0.464262,0.46948823,0.49556646,0.5058277
394,0.24225388,0.13571766,0.46323165,0.46931037,0.49458995,0.50592995
395,0.24231793,0.13564281,0.46301582,0.47043177,0.494946,0.50639737
396,0.24203743,0.1353346,0.4645896,0.47369608,0.49791896,0.50771916
397,0.2418191,0.13432749,0.464993,0.47416383,0.49842465,0.50748736
398,0.2411523,0.13183351,0.4680154,0.4786087,0.5013896,0.5101261
399,0.24016085,0.13004154,0.4688215,0.48120832,0.5013289,0.51224756
400,0.24074325,0.13057898,0.4690282,0.4834844,0.50168234,0.5145988
401,0.24137272,0.13100833,0.46918508,0.48435917,0.50022465,0.5173504
402,0.24208191,0.13169414,0.46981245,0.48539114,0.5000219,0.51958585
403,0.24285014,0.13238575,0.4710284,0.48708078,0.50129515,0.52154964
404,0.24324192,0.13258737,0.47164622,0.48841935,0.5015922,0.52325904
405,0.24304403,0.13306923,0.47181922,0.48815936,0.5005144,0.5243986
406,0.24344888,0.1338506,0.46969664,0.48756826,0.49887848,0.5239431
407,0.24317202,0.13399366,0.46925735,0.48710573,0.49827307,0.5236934
408,0.24349764,0.13474615,0.4698796,0.4863928,0.4978299,0.524475
409,0.24304025,0.13385767,0.47033745,0.48626095,0.49810505,0.5239794
410,0.24289134,0.13443978,0.47038427,0.4840599,0.49632463,0.5239426
411,0.24265504,0.13259915,0.47059327,0.48414132,0.49625602,0.52335835
412,0.2424994,0.13452226,0.47100735,0.48326957,0.4968638,0.5232087
413,0.2421602,0.1325076,0.47218752,0.48283198,0.49746066,0.52229065
414,0.24210508,0.13260445,0.47226018,0.48291484,0.49774227,0.5221947
415,0.24210669,0.13333967,0.47257447,0.48241398,0.4982362,0.52188927
416,0.24198878,0.13322805,0.4732504,0.48284096,0.49954715,0.52155995
417,0.24201152,0.13101193,0.4756216,0.48592395,0.50255775,0.522656
418,0.24194968,0.13109042,0.47575247,0.4875114,0.5041114,0.52275795
419,0.24189168,0.131532,0.47850108,0.48909768,0.5055785,0.52553064
420,0.24195978,0.1314778,0.4803685,0.4943729,0.50992316,0.5279054
421,0.24198605,0.1319473,0.48048604,0.49499434,0.51006144,0.5286764
422,0.24227239,0.13237284,0.48206478,0.4976809,0.51234335,0.53066844
423,0.24211778,0.13250425,0.4821935,0.4973789,0.5120567,0.5308113
424,0.2421195,0.1325938,0.48211107,0.49689218,0.51191866,0.5304613
425,0.24216735,0.1326222,0.48169988,0.49449196,0.5118434,0.5279583
426,0.24239758,0.13380885,0.48083577,0.49312177,0.5114409,0.5268846
427,0.24198924,0.13369395,0.47844738,0.49110386,0.5095894,0.5244485
428,0.24183923,0.13369681,0.47490355,0.4873862,0.5059048,0.5212858
429,0.24175873,0.1335946,0.47091243,0.48394266,0.50276905,0.5173946
430,0.24143389,0.13367963,0.46953458,0.4823541,0.50130737,0.51603544
431,0.24136919,0.13395298,0.46935564,0.4813465,0.5014153,0.5149447
432,0.24143487,0.13377337,0.46941513,0.48126155,0.50142056,0.5148493
433,0.24164721,0.13412361,0.46980453,0.48221907,0.5026909,0.5150654
434,0.24165882,0.13419652,0.4698267,0.48233086,0.5025103,0.5154049
435,0.24174966,0.13387512,0.46990362,0.48280728,0.50256,0.51573986
436,0.24183254,0.13406609,0.47011715,0.48352093,0.50236714,0.5168989
437,0.242033,0.13427106,0.4701655,0.4848384,0.50233454,0.5183381
438,0.24218543,0.13442579,0.46914148,0.48332754,0.49975845,0.5186274
439,0.24274465,0.13454936,0.46958682,0.48461336,0.49988127,0.5203056
440,0.24259517,0.13401651,0.47043496,0.4842475,0.4993728,0.5209589
441,0.24253386,0.13340348,0.47111443,0.48550916,0.49963382,0.5221905
442,0.24269639,0.13355723,0.47103557,0.48611388,0.49896878,0.5234278
443,0.242876,0.13358337,0.47095492,0.48669964,0.49879077,0.5241203
444,0.2429828,0.13351502,0.47111723,0.48699558,0.498075,0.52522326
445,0.24286216,0.13351119,0.47220615,0.48860532,0.49896798,0.5268087
446,0.2425777,0.1337812,0.4719599,0.48786312,0.4981599,0.5267278
447,0.24251539,0.13373353,0.4707404,0.48768595,0.4974621,0.52607733
448,0.2426264,0.13461731,0.4714573,0.48854005,0.49897847,0.5265017
449,0.24190412,0.12404665,0.47318605,0.4890849,0.49956357,0.5229621
450,0.24134918,0.12443922,0.47390386,0.49022812,0.5016184,0.522742
451,0.24072754,0.12516436,0.4760584,0.49282202,0.5051403,0.5239043
452,0.24006605,0.12660871,0.47562343,0.49300513,0.50642574,0.5229082
453,0.23951262,0.12686716,0.47633272,0.49384472,0.50720197,0.5235727
454,0.23905334,0.12770794,0.47544312,0.49300277,0.5065045,0.5229159
455,0.23847574,0.1288728,0.47419804,0.49205902,0.5055632,0.52218914
456,0.23803584,0.12943746,0.47237024,0.4929812,0.50451833,0.52249223
457,0.23786533,0.12989126,0.47088584,0.49283758,0.50317925,0.52244085
458,0.23752242,0.13025112,0.46983588,0.4926437,0.50205636,0.522453
459,0.23720191,0.13056341,0.4704397,0.49456334,0.50308734,0.5238335
460,0.23687798,0.13208877,0.47025266,0.4942538,0.50301987,0.52405155
461,0.23672791,0.13225938,0.47022852,0.49273786,0.50289804,0.52279794
462,0.23736896,0.13294306,0.46997407,0.49168575,0.5029367,0.52203196
463,0.23764557,0.13330306,0.47028792,0.4913282,0.50347525,0.5217065
464,0.2381061,0.13348904,0.47044182,0.49161714,0.50394124,0.5218627
465,0.23884732,0.13328934,0.47077313,0.49186713,0.50439733,0.52205557
466,0.23965296,0.13349959,0.4691598,0.49193013,0.50341403,0.52186435
467,0.24015239,0.1326241,0.46977794,0.49060574,0.5024374,0.5219181
468,0.24083397,0.13374783,0.47093245,0.49044567,0.5035395,0.52247095
469,0.24174164,0.13491902,0.4718408,0.49317798,0.505244,0.52493536
470,0.24217913,0.13592699,0.47348878,0.49606937,0.5071516,0.52784073
471,0.24289644,0.13649909,0.47516474,0.49689507,0.5078385,0.5299483
472,0.24302436,0.13640618,0.4738479,0.49717325,0.50671756,0.5300536
473,0.24304566,0.13647942,0.4744617,0.49674937,0.5064392,0.5305514
474,0.2429646,0.1367524,0.47462404,0.49560124,0.5058691,0.53031224
475,0.24243756,0.1367775,0.4753963,0.49789548,0.5062405,0.53264046
476,0.24207348,0.13756563,0.47586212,0.501726,0.5063986,0.5366743
477,0.24139132,0.1376964,0.47041667,0.50052404,0.50096107,0.53562313
478,0.24142735,0.13755469,0.46926787,0.49938554,0.49858156,0.53574765
479,0.24133189,0.13622363,0.4681786,0.4990468,0.4968881,0.53541964
480,0.2424497,0.13559227,0.46492827,0.49920806,0.49402684,0.5352791
481,0.24311848,0.13467303,0.46425745,0.50156486,0.49266902,0.5378171
482,0.24320488,0.13569996,0.464385,0.5017164,0.49361557,0.5376633
483,0.24154685,0.13502482,0.466987,0.50389594,0.494725,0.5402469
484,0.241676,0.13510473,0.4672935,0.50500643,0.49530965,0.54104453
485,0.24101458,0.13472466,0.4686813,0.50582075,0.49742022,0.5407276
486,0.24060696,0.13293435,0.47005478,0.5060754,0.49755594,0.5412025
487,0.24022289,0.1332063,0.4717725,0.5080565,0.5004373,0.54187554
488,0.23993361,0.1338484,0.4716833,0.50794274,0.50035954,0.5419753
489,0.23955551,0.13374813,0.47248125,0.50769633,0.5014528,0.5413156
490,0.2388103,0.13447331,0.47226474,0.5076692,0.5017585,0.54092836
491,0.23579992,0.12885578,0.47352627,0.5108382,0.5028642,0.5406948
492,0.23436865,0.12918457,0.47213706,0.51000255,0.5017115,0.53952575
493,0.23257227,0.1295185,0.47100633,0.5083815,0.50064313,0.5377176
494,0.23199412,0.12964354,0.47023505,0.50758773,0.49978533,0.5370057
495,0.23156734,0.12976055,0.47025508,0.5062805,0.49982122,0.53575015
496,0.2316235,0.13031848,0.46993288,0.50590867,0.49957484,0.53560203
497,0.23165035,0.13087887,0.4699887,0.5054084,0.4994338,0.5355869
498,0.23176412,0.13124014,0.47024024,0.505397,0.4998251,0.5356226
499,0.23272055,0.13153073,0.47071248,0.50539726,0.50053364,0.5357534
500,0.23252319,0.1281376,0.47111276,0.5052116,0.5003354,0.5346241
501,0.23276493,0.12762497,0.4714034,0.50496745,0.50064594,0.53421193
502,0.2327528,0.12658389,0.47091338,0.5041803,0.4996699,0.5335161
503,0.23316008,0.12720326,0.47088608,0.5037332,0.49978578,0.5333423
504,0.2335142,0.12777822,0.46962312,0.5030142,0.49987578,0.53174746
505,0.23399632,0.12794134,0.4700508,0.5029587,0.50006545,0.5321085
506,0.23487872,0.12876336,0.47101268,0.5041369,0.5014394,0.5333407
507,0.23559582,0.12963451,0.47247007,0.5046165,0.50254905,0.53464246
508,0.23733227,0.13054325,0.4728842,0.5056404,0.50332844,0.5360462
509,0.23856716,0.13167359,0.473148,0.5049085,0.50337684,0.5363955
510,0.23946452,0.13302138,0.4711612,0.5030407,0.5025447,0.53446716
511,0.23985617,0.13350448,0.46885666,0.49995297,0.49928916,0.53296417
512,0.24035919,0.1339317,0.46963763,0.49896848,0.49893147,0.5334655
513,0.24085382,0.13441274,0.47006884,0.49897125,0.49952275,0.53364706
514,0.24204673,0.1348242,0.4702686,0.49872404,0.5000176,0.533628
515,0.24261796,0.13446063,0.47080025,0.49905032,0.5007695,0.53367805
516,0.24314122,0.13439862,0.47131324,0.49973488,0.50184494,0.53384906
517,0.24324465,0.13413358,0.472177,0.50090617,0.50336576,0.53415793
518,0.24311213,0.13130079,0.473724,0.5035806,0.5047081,0.5354137
519,0.24299756,0.13233896,0.47330242,0.50339156,0.5050132,0.534995
520,0.24287637,0.13153571,0.47394034,0.5028253,0.5055444,0.5341656
521,0.24304608,0.13226618,0.47439322,0.5028414,0.50578475,0.53474927
522,0.24307233,0.13268967,0.474498,0.5021303,0.5060263,0.5341653
523,0.24318299,0.13315862,0.4748993,0.501975,0.5068551,0.5338376
524,0.24308482,0.13351929,0.4749843,0.50221467,0.50768495,0.5334678
525,0.24329236,0.13419992,0.47500938,0.502195,0.50786114,0.5336669
526,0.24340355,0.13411392,0.475115,0.5018562,0.50771993,0.5335839
527,0.24391274,0.13573796,0.47449893,0.5014031,0.5079196,0.533274
528,0.24428181,0.13577558,0.47450995,0.50005585,0.5068247,0.53323597
529,0.2444463,0.13594855,0.47563565,0.5004787,0.5078548,0.5337962
530,0.24546011,0.13639979,0.4778932,0.5019339,0.5104029,0.53522867
531,0.24640141,0.13586031,0.4804189,0.5049117,0.5123888,0.5383745
532,0.24691175,0.13355444,0.48264214,0.5093445,0.51376307,0.5422422
533,0.2479987,0.13485597,0.48513708,0.5127494,0.5156836,0.5466928
534,0.24874613,0.13646752,0.48022646,0.5103631,0.5139353,0.542539
535,0.24901624,0.13845909,0.4850087,0.5088386,0.5146649,0.5458938
536,0.24965617,0.14005214,0.48876318,0.51034725,0.5183692,0.54807824
537,0.25075632,0.14030549,0.49320745,0.51239306,0.5229369,0.5500621
538,0.25108075,0.13898963,0.4965437,0.5130112,0.52570564,0.5505251
539,0.25235575,0.14024247,0.49492595,0.51227224,0.5271785,0.54781777
540,0.25232455,0.13833523,0.49581897,0.5131154,0.527041,0.5486697
541,0.25311807,0.13990542,0.49694118,0.5153853,0.5288159,0.5510008
542,0.253582,0.14076863,0.49721655,0.51690805,0.52803385,0.55392915
543,0.25350475,0.1411058,0.49703658,0.5160923,0.52728134,0.5538771
544,0.25344208,0.14144239,0.4980366,0.51792085,0.5285582,0.5553833
545,0.25316286,0.1394352,0.49874684,0.51854384,0.5283306,0.55584234
546,0.25320795,0.14045708,0.5013367,0.52016777,0.5303384,0.55827075
547,0.25117442,0.12580758,0.5039958,0.5230673,0.53034383,0.5562664
548,0.25116867,0.12952453,0.50253505,0.5186443,0.5299633,0.55286366
549,0.2509712,0.13059945,0.5021842,0.5179657,0.5319786,0.5503864
550,0.25078827,0.1320055,0.4999765,0.5162919,0.5327975,0.54654884
551,0.25075617,0.13223575,0.49689898,0.5149128,0.52842534,0.5467789
552,0.24942116,0.13129078,0.49233907,0.5106375,0.5232492,0.542858
553,0.24820153,0.12874973,0.48944664,0.50889134,0.519458,0.54077107
554,0.24738061,0.13020772,0.48707902,0.5064475,0.51680475,0.5393603
555,0.24709421,0.1337738,0.48331523,0.5037862,0.51469773,0.5370195
556,0.24588881,0.13243456,0.48206723,0.5025275,0.51276505,0.5356584
557,0.2440451,0.13409142,0.47951934,0.498594,0.5104848,0.5321838
558,0.24359734,0.13465041,0.4789601,0.49731266,0.50979453,0.53130066
559,0.24161942,0.13471518,0.477932,0.49421403,0.5085047,0.5282728
560,0.24156412,0.13483487,0.47827917,0.49383405,0.509041,0.527764
561,0.24149406,0.13485028,0.477354,0.49285758,0.5081757,0.5268366
562,0.24045983,0.13490124,0.47568688,0.48972106,0.50636005,0.52392393
563,0.24040549,0.1353923,0.4747508,0.48775148,0.50567293,0.5221214
564,0.24031384,0.13505886,0.47542384,0.48778045,0.5056888,0.522581
565,0.23955363,0.13443193,0.47535658,0.48824206,0.5056024,0.5225425
566,0.2395148,0.13462175,0.47479632,0.48789,0.50522476,0.5221427
567,0.23979872,0.1348778,0.47410148,0.48723766,0.50467724,0.5216216
568,0.2401439,0.1351874,0.47248206,0.4849917,0.50255907,0.5203485
569,0.24038796,0.13555749,0.47219694,0.4839675,0.50208217,0.51984096
570,0.24051377,0.13557455,0.47268966,0.48460385,0.5027342,0.5202891
571,0.24101913,0.13607137,0.47267684,0.48616523,0.50258166,0.5222251
572,0.24118781,0.13605244,0.47288966,0.48784798,0.50229657,0.5242795
573,0.24118902,0.1359836,0.47318962,0.4889289,0.5024503,0.52536815
574,0.24128391,0.13594803,0.4740272,0.4903467,0.5029006,0.52701515
575,0.2421723,0.13585946,0.47502527,0.49194968,0.5040815,0.5284566
576,0.24241975,0.13636053,0.4744808,0.49360645,0.50420684,0.5296428
577,0.24245583,0.13658816,0.47211882,0.49117005,0.50173354,0.5277313
578,0.24274574,0.13691482,0.47094026,0.48865828,0.5007129,0.5255588
579,0.24239843,0.13719763,0.47098717,0.48632014,0.5013086,0.52292573
580,0.24249029,0.13672236,0.4701014,0.4848404,0.50044936,0.52138686
581,0.2423364,0.1367146,0.46945068,0.48414597,0.49989596,0.52064145
582,0.24223796,0.1365726,0.46962577,0.48388633,0.49973205,0.52063185
583,0.24229851,0.1367888,0.4697792,0.48425767,0.49998704,0.52098364
584,0.2421105,0.13511507,0.47059074,0.48299152,0.5001432,0.5195884
585,0.24245133,0.13523951,0.46979517,0.4820788,0.49968183,0.51861
586,0.24242023,0.13358201,0.4702533,0.4831706,0.500509,0.5184482
587,0.24238487,0.13344885,0.47505134,0.48723662,0.5058031,0.52141017
588,0.24242684,0.13368192,0.4767622,0.48929846,0.5085171,0.522366
589,0.24232855,0.13439693,0.47645977,0.4895719,0.5088563,0.5223092
590,0.24104804,0.13417524,0.47632405,0.49006099,0.5088185,0.5222361
591,0.24080734,0.13357891,0.4783689,0.4916812,0.5105661,0.5235903
592,0.24025568,0.13262458,0.47880277,0.49305397,0.5114114,0.5238513
593,0.23958454,0.13211036,0.47838515,0.49094236,0.5115883,0.5209162
594,0.23940063,0.13262303,0.47892955,0.4891905,0.5120074,0.51957643
595,0.23895182,0.13279332,0.47967508,0.4872986,0.5128255,0.5176668
596,0.23869985,0.13259967,0.4800765,0.48675802,0.5133116,0.51690096
597,0.23831017,0.13282147,0.48264137,0.48880026,0.5168442,0.5176944
598,0.23803192,0.13335124,0.48734608,0.49200165,0.5199567,0.5221907
599,0.23705564,0.13310002,0.4875087,0.4931312,0.521294,0.521696
600,0.23686242,0.13426313,0.48710313,0.49273688,0.52073514,0.52198416
601,0.23595364,0.13486521,0.48730633,0.49264595,0.5201618,0.5227045
602,0.23566146,0.13492134,0.48709613,0.49337536,0.52034223,0.522957
603,0.23544991,0.13492188,0.48773447,0.49482903,0.5212501,0.5239563
604,0.23520628,0.13494846,0.4880697,0.4965565,0.5215228,0.5255638
605,0.23501308,0.13491276,0.48928344,0.4983464,0.52178866,0.5280521
606,0.23492438,0.13516992,0.48924366,0.49990863,0.5219216,0.52943015
607,0.2346601,0.13518015,0.4851345,0.49965015,0.51922584,0.52791613
608,0.23578665,0.1355078,0.4817672,0.4973629,0.51538336,0.52686477
609,0.23581359,0.13519935,0.48139626,0.4972765,0.51376754,0.52790225
610,0.235603,0.13533387,0.47975898,0.4957148,0.51127917,0.5273762
611,0.23534675,0.13662006,0.4761043,0.49447516,0.50936276,0.5251921
612,0.23427777,0.13593331,0.47462288,0.4929564,0.5068415,0.5242915
613,0.23351823,0.13432346,0.47342697,0.49382535,0.505441,0.5244196
614,0.23323445,0.13430469,0.47100842,0.49197757,0.502074,0.52366304
615,0.23306012,0.13531601,0.46700957,0.48791564,0.49783406,0.5207376
616,0.23358925,0.13570872,0.4659995,0.48642233,0.49619332,0.5203394
617,0.23313287,0.13511549,0.46488845,0.4869841,0.49504736,0.5205398
618,0.23317066,0.13516001,0.46375,0.48527887,0.49305284,0.5198826
619,0.23256703,0.13493295,0.46289596,0.48548925,0.49236324,0.51968455
620,0.232522,0.13494289,0.46304986,0.4847199,0.49184853,0.5196151
621,0.23220345,0.1348136,0.463168,0.48506176,0.491879,0.51986516
622,0.23175617,0.13443744,0.4641268,0.48540848,0.4933592,0.5193591
623,0.2316288,0.13452025,0.46390724,0.4849053,0.4928633,0.51917803
624,0.23052229,0.13382408,0.4650008,0.4849318,0.49453688,0.518
625,0.22993347,0.13387513,0.46550238,0.4832931,0.49456978,0.51680297
626,0.22964491,0.13370022,0.4662298,0.48259804,0.49556416,0.5157227
627,0.22878316,0.1331656,0.46628967,0.48202512,0.49543956,0.51490927
628,0.2291387,0.13275805,0.46694055,0.48129955,0.4965175,0.5137073
629,0.22863886,0.13299897,0.46695438,0.48054516,0.49677977,0.51274496
630,0.2275294,0.13255778,0.4668576,0.47960874,0.49628535,0.5117874
631,0.2271801,0.13286242,0.46678886,0.47866622,0.49619305,0.51098716
632,0.22667044,0.13285594,0.46712932,0.47793564,0.49610803,0.5105763
633,0.22660612,0.1323517,0.46775165,0.47795942,0.4963743,0.5106769
634,0.22658604,0.13206938,0.46783257,0.47779045,0.4963392,0.5104994
635,0.22669344,0.13211133,0.46842474,0.47848007,0.49695292,0.5111361
636,0.22677752,0.1320006,0.46847042,0.47848725,0.49702105,0.51109123
637,0.22741021,0.13204716,0.46853802,0.47875756,0.49717015,0.5114437
638,0.22772324,0.13217255,0.46818015,0.4787879,0.49663806,0.51179606
639,0.2281864,0.13223675,0.46812168,0.47896567,0.49657312,0.5121184
640,0.22904876,0.13227972,0.46693194,0.4789634,0.496854,0.5109742
641,0.22984627,0.13239382,0.46790585,0.47907656,0.49762574,0.51149076
642,0.2306029,0.13255328,0.46683535,0.4776464,0.4960607,0.5109727
643,0.231716,0.13303119,0.46666726,0.47900602,0.49672619,0.5119278
644,0.23229527,0.1330363,0.46658838,0.4791191,0.49705058,0.5117943
645,0.23337588,0.13351232,0.46798107,0.48081967,0.4986955,0.5135507
646,0.23374766,0.13359621,0.46803463,0.4822399,0.49867073,0.5150703
647,0.23514657,0.13385351,0.4674526,0.48196507,0.4986666,0.5147612
648,0.2359148,0.13411805,0.46655875,0.4809934,0.49787527,0.51413083
649,0.23667867,0.13425803,0.4659007,0.4789165,0.49701226,0.5127165
650,0.23673865,0.13436939,0.46568632,0.4764756,0.4965293,0.510808
651,0.23700884,0.13483708,0.46553904,0.47448513,0.49584585,0.5097931
652,0.23707584,0.1353682,0.4641507,0.4728672,0.49486294,0.5082418
653,0.23719302,0.13577317,0.46409276,0.4715768,0.49484172,0.50723857
654,0.23712206,0.13571878,0.46456608,0.4727724,0.49644008,0.5071668
655,0.23707226,0.13551702,0.46397167,0.47235823,0.49580958,0.5067445
656,0.23701313,0.13486634,0.4627348,0.47132117,0.49538603,0.5047303
657,0.23693909,0.13490678,0.46303427,0.47231725,0.4960656,0.50525755
658,0.23683381,0.13495466,0.46350718,0.47262943,0.4960453,0.50600207
659,0.23645306,0.13441701,0.46493128,0.47349486,0.4973024,0.50653523
660,0.23618047,0.1343224,0.46470597,0.47476736,0.49815568,0.50653934
661,0.2357355,0.13405621,0.46464914,0.47471243,0.4980651,0.506282
662,0.23531654,0.1339182,0.4644147,0.47458148,0.4979818,0.5058473
663,0.23482388,0.13390912,0.4642466,0.47322842,0.49770972,0.5045711
664,0.23463494,0.13326456,0.46490547,0.47258717,0.4976559,0.504297
665,0.23436934,0.1335736,0.4653412,0.4738548,0.4990492,0.50456893
666,0.23407984,0.13337657,0.46738195,0.47482836,0.50075984,0.50551844
667,0.23404548,0.13333255,0.46819827,0.4760199,0.5018791,0.5062479
668,0.23403281,0.1329932,0.47174746,0.47788322,0.5050789,0.5079688
669,0.23420207,0.13298754,0.47392392,0.47939888,0.5063963,0.5101578
670,0.23406792,0.13129124,0.47533765,0.47985625,0.50691646,0.5105809
671,0.23424534,0.13161471,0.4753557,0.4799293,0.5068989,0.5108781
672,0.23535019,0.13183792,0.47279456,0.47906345,0.5062431,0.5087012
673,0.2362779,0.13270454,0.47256526,0.47848666,0.5062888,0.5085461
674,0.23760481,0.1352701,0.47169176,0.47692576,0.5053965,0.50871164
675,0.23797423,0.13490796,0.47080818,0.47765863,0.505232,0.5086557
676,0.23856597,0.13578165,0.4711161,0.48072088,0.5059233,0.51166564
677,0.23878647,0.13660435,0.47102493,0.48328692,0.5056943,0.51462656
678,0.23898308,0.1364612,0.47110924,0.48518634,0.50620985,0.5159331
679,0.23910451,0.13570836,0.47177505,0.48855403,0.50646305,0.5190974
680,0.23935217,0.13520905,0.47256577,0.49132195,0.50702596,0.5216681
681,0.23954488,0.13431361,0.4737224,0.494676,0.5079511,0.5245672
682,0.23995675,0.13532262,0.4703801,0.49288994,0.50461257,0.5236367
683,0.24044329,0.13543583,0.4687372,0.4914103,0.5013057,0.52416015
684,0.24027327,0.13542329,0.46831933,0.49051914,0.4999237,0.5242514
685,0.24001949,0.1351678,0.46774274,0.4887365,0.4981642,0.52360976
686,0.23968391,0.13536611,0.4660597,0.48602226,0.49585155,0.52180994
687,0.23966889,0.13647178,0.46564382,0.4851997,0.49527004,0.5217413
688,0.24036665,0.13692893,0.46558496,0.48541525,0.49569702,0.52186763
689,0.24052015,0.13694891,0.46546048,0.48606172,0.49571532,0.5223738
690,0.24058416,0.13694848,0.4654152,0.48610753,0.49582955,0.5222802
691,0.24095668,0.1370094,0.4667761,0.48777843,0.49755648,0.5235224
692,0.24106331,0.13687561,0.4697538,0.49175632,0.501842,0.52573085
693,0.24117939,0.13687739,0.4711989,0.4939607,0.5039993,0.5270238
694,0.24102184,0.13558063,0.4738303,0.49707496,0.50726765,0.5285071
695,0.24060233,0.13463071,0.47750401,0.49956575,0.5099759,0.5310491
696,0.2400827,0.13379034,0.4775588,0.5007896,0.51095784,0.5307433
697,0.23973209,0.13259956,0.4792144,0.49944168,0.5119221,0.5294877
698,0.2393648,0.13213351,0.47992206,0.5015806,0.5146938,0.5290807
699,0.2391545,0.13172711,0.48084456,0.5008114,0.5144954,0.5292077
700,0.23898603,0.13154832,0.48113817,0.499167,0.51455754,0.5277816
701,0.23889543,0.1315076,0.48114008,0.49827978,0.5146029,0.526876
702,0.23880519,0.1313229,0.4812501,0.4972813,0.5148989,0.52565396
703,0.23886119,0.132183,0.48033354,0.49751973,0.51516986,0.5251404
704,0.23907936,0.13266401,0.48123997,0.49694332,0.5155407,0.5253749
705,0.23907304,0.13204242,0.48137054,0.4973999,0.515402,0.525774
706,0.23922636,0.13237013,0.47871438,0.49490497,0.51307845,0.52344507
707,0.23936951,0.13262397,0.47862542,0.49426013,0.51254636,0.5234471
708,0.23955294,0.13359687,0.47858563,0.4940387,0.51163584,0.52460253
709,0.23989485,0.13410151,0.47875488,0.49520785,0.5118884,0.52591187
710,0.24031307,0.13430096,0.47888136,0.4979711,0.511741,0.5289227
711,0.24073191,0.13429125,0.47938183,0.49905115,0.5122038,0.53003573
712,0.24148405,0.13429634,0.4799977,0.5000983,0.51184547,0.5321246
713,0.24258561,0.13434127,0.47990823,0.5000072,0.5115338,0.532564
714,0.24429022,0.13529693,0.48058817,0.50000477,0.5131988,0.5324454
715,0.24442327,0.13613959,0.48104402,0.5002285,0.5138513,0.5328617
716,0.24471644,0.13551834,0.4826097,0.5017719,0.51515824,0.5342568
717,0.24484032,0.13671625,0.48160517,0.5018853,0.514872,0.5342822
718,0.24499017,0.13803522,0.48111036,0.5001702,0.51441014,0.53334445
719,0.24517511,0.13909732,0.48014817,0.495857,0.510956,0.53240037
720,0.24548425,0.13970965,0.47946483,0.4941139,0.509286,0.53215295
721,0.24592565,0.14058931,0.4792155,0.49299467,0.5085843,0.53209937
722,0.24604847,0.14035265,0.4791785,0.49253032,0.50857615,0.5315708
723,0.24571371,0.13993426,0.4789926,0.49190864,0.5084069,0.53071034
724,0.24481502,0.13910095,0.4805912,0.49508914,0.51137775,0.5316031
725,0.2429055,0.1381677,0.48153383,0.49705392,0.51186526,0.5328778
726,0.24115534,0.13700792,0.48081577,0.49681896,0.51113594,0.5317185
727,0.24031861,0.13709252,0.4796889,0.4960381,0.51021063,0.53067327
728,0.23823999,0.13611469,0.4783033,0.49656698,0.5097255,0.5293544
729,0.23691931,0.13381572,0.47689041,0.49536863,0.5076949,0.52753484
730,0.23660392,0.13344656,0.4741579,0.49464932,0.50534415,0.52636075
731,0.2366308,0.13378263,0.47121271,0.49364325,0.50288016,0.52523893
732,0.23620625,0.13363886,0.46913224,0.492475,0.5009924,0.52388364
733,0.23544274,0.13304612,0.4685088,0.491736,0.50007296,0.52305347
734,0.23534912,0.13278951,0.4672351,0.49088523,0.49884433,0.52213705
735,0.23522778,0.1324751,0.46726158,0.490121,0.49870998,0.5214201
736,0.2353933,0.13255166,0.46747535,0.48969385,0.4986603,0.52135575
737,0.23504592,0.13254999,0.47088793,0.49366435,0.5027222,0.52414197
738,0.2350656,0.13291666,0.47485307,0.49744496,0.5067432,0.52757925
739,0.23511475,0.13319,0.47805485,0.49998912,0.50899297,0.5308653
740,0.23527518,0.13349941,0.48108152,0.5017813,0.51094013,0.53363454
741,0.23547423,0.13209024,0.48223796,0.5034883,0.51178783,0.5348907
742,0.23553818,0.13104285,0.48424456,0.50479376,0.5128681,0.5364779
743,0.2359076,0.13281088,0.4843806,0.5053957,0.51397896,0.5369503
744,0.23637378,0.13374835,0.48456785,0.5026894,0.5125151,0.5365878
745,0.23652308,0.13396043,0.48180187,0.5011918,0.5105168,0.53469884
746,0.23719193,0.13458155,0.47926214,0.49849036,0.50703377,0.5336684
747,0.23731081,0.13420688,0.47570044,0.49646786,0.505666,0.52968407
748,0.2383792,0.13448673,0.47408578,0.49461192,0.5044226,0.5280846
749,0.23925805,0.13456252,0.47302946,0.49383706,0.5043323,0.526737
750,0.240188,0.13551381,0.47242218,0.49182564,0.5026362,0.5266537
751,0.2406082,0.1356523,0.47251597,0.4917516,0.5027257,0.5267593
752,0.24113955,0.13601698,0.47309846,0.4904066,0.5025066,0.52658606
753,0.24206857,0.13611756,0.4734011,0.49061513,0.5026998,0.5271588
754,0.24224226,0.1367982,0.47466668,0.49099243,0.5033606,0.5283936
755,0.24291423,0.13695332,0.47600183,0.49257943,0.50472873,0.53000647
756,0.24362674,0.13732493,0.47720465,0.4932095,0.50584877,0.53097
757,0.24364462,0.13837935,0.47606963,0.49375862,0.5067821,0.53001255
758,0.24480706,0.13937859,0.47645935,0.49367708,0.5078405,0.5300422
759,0.24550772,0.13976228,0.47741458,0.49409598,0.50888914,0.5306568
760,0.24600723,0.13942142,0.47745463,0.49547344,0.5103809,0.5304767
761,0.24603032,0.13946228,0.47797343,0.49636495,0.51079834,0.53139395
762,0.24521704,0.1394133,0.4778482,0.49636117,0.51061857,0.53121066
763,0.24498245,0.13967247,0.47696173,0.49599034,0.5097391,0.5309609
764,0.2442173,0.13955298,0.4752656,0.49559566,0.50793505,0.53051865
765,0.24266529,0.13892545,0.47310612,0.49480477,0.5056031,0.5293502
766,0.2417836,0.13825943,0.47191116,0.49454638,0.50371414,0.52929497
767,0.24084593,0.13820074,0.47065756,0.4946079,0.50209266,0.5294783
768,0.23989643,0.13743995,0.46947604,0.49449566,0.50061506,0.52910596
769,0.23771368,0.13716906,0.46678287,0.4930794,0.49815372,0.52698606
770,0.23712267,0.13690665,0.4630879,0.4911168,0.49390373,0.5255843
771,0.2371639,0.13681187,0.46080893,0.49084646,0.4916421,0.5253589
772,0.23691644,0.13643618,0.45984662,0.4910646,0.49036828,0.52564514
773,0.23684262,0.13621315,0.46025977,0.49137822,0.49084005,0.52574027
774,0.23692635,0.13614233,0.46078303,0.4921386,0.49153298,0.5262395
775,0.23693673,0.13601427,0.46095026,0.49339747,0.49180603,0.5272139
776,0.23700029,0.13611628,0.46149033,0.4939709,0.49242148,0.52770734
777,0.23668721,0.13610888,0.46317792,0.49590087,0.49403453,0.5293901
778,0.23680362,0.13607521,0.46405452,0.49723262,0.4949979,0.5305017
779,0.23673736,0.13615292,0.46362418,0.49662742,0.49410507,0.5304271
780,0.23707479,0.13605389,0.4640511,0.49647322,0.49440432,0.53044415
781,0.23776016,0.13604636,0.46489123,0.49676967,0.4947616,0.5313289
782,0.2400166,0.1362412,0.46508697,0.49711913,0.49481696,0.53245234
783,0.2413467,0.13622835,0.46505246,0.49694002,0.49482727,0.53259164
784,0.24212569,0.13587849,0.46539232,0.4970407,0.49499515,0.53288203
785,0.2424413,0.13465688,0.46673176,0.49712417,0.496559,0.53223145
786,0.2430795,0.13566063,0.46931812,0.49884525,0.49941075,0.5340846
787,0.2427716,0.1356827,0.47121465,0.49984497,0.50171095,0.53447706
788,0.24285088,0.1361033,0.4710692,0.49973682,0.5016397,0.5345244
789,0.24284883,0.13583712,0.4701582,0.5000413,0.50081116,0.5346262
